CEC,UPHEC-2,UPHEC-3,UPHEC-4,HEC-2unif,HEC-3unif,HEC-6unif,HEC-7unif,HEC-5unif,HEC-4unif,HEC-10unif,HEC-8unif,HEC-36unif,HEC-15unif,HEC-16unif,HEC-9unif,HEC-18unif,HEC-13unif,HEC-11unif,HEC-37unif,HEC-12unif,AltUnif-2,AltUnif-3,AltUnif-4
0.01396043864394031,0.010303407497732009,0.00799460985520611,0.006740673080084642,0.004506320703477317,0.008498388972225353,0.024040148947416174,0.015570855226450922,0.024586083112582056,0.01584777793852112,0.012060027865236616,0.005401663692904546,0.02777777740455689,0.06666667137579713,0.044630014200049736,0.03895102420033457,0.03049602177090665,0.032813517798350844,0.02454573009997387,0.02702702703829547,0.018355751773828696,0.010303407497732009,0.007981356839291407,0.006713624640765
0.03814164456398678,0.016669629340616405,0.011700457258738726,0.008392952518116219,0.020980559407851537,0.011381055980026296,0.020814572787977215,0.023265881980091493,0.023870866232154512,0.010108263902988362,0.021080112290581456,0.02447454506925997,0.02777777750854542,0.06666666531714785,0.042737940352525185,0.03895102420033456,0.029342766843777544,0.032813517798350844,0.02124491121981271,0.02702702691832925,0.027277859363595756,0.016669629340616405,0.011714064548652385,0.008366835600944558
0.016538388219326496,0.011091229675596332,0.0090827806361781,0.006951910799724278,0.018505596557255876,0.011111692726121579,0.012466522232132293,0.01291505829924715,0.01135613873265106,0.00460610410750251,0.0205266435504756,0.02031887299232232,0.027777778181039908,0.06666665923542275,0.044630014200049736,0.03895102420033457,0.029345230434859124,0.032813517798350844,0.02124491121981271,0.027027026616566047,0.02723839522914118,0.011091229675596332,0.009102615977021705,0.006933189897943603
0.012561602363263744,0.009708414732253156,0.00900954842562991,0.007382412414845089,0.015297427803523365,0.0059001964650968455,0.010095212436878035,0.009864656112412834,0.012065381311948866,0.003461540041053726,0.019317381344145616,0.018028056041150473,0.027777778278726857,0.06666667193843638,0.04273775567598222,0.05300082263104503,0.029345230434859124,0.03460226156500482,0.025619629480213776,0.02702702659584267,0.026424977593950915,0.009708414732253156,0.009027654909453902,0.007358430014772338
0.023390272429520242,0.012778608746206016,0.01190243618315759,0.01216828496937868,0.007147707238227184,0.005556256546408352,0.017682875376180657,0.02803829813488219,0.00905149155757103,0.0033079393781779405,0.018197760878196363,0.0218069488579151,0.027777778227475382,0.0666666633031716,0.04273775567598229,0.0533592429248635,0.029345230434859124,0.03460226156500482,0.02602241549979774,0.027027026996660625,0.022533150385159243,0.012778608746206016,0.01187677209152387,0.01211283385812441
0.04059572783095396,0.017348895351760568,0.013545172464369409,0.012786614071533094,0.018546308683940253,0.012277584649568263,0.018378712411697973,0.029636915174706287,0.008249605305612008,0.004627815779664881,0.020513540986832127,0.024842006352033107,0.02777777854677363,0.0666666638303682,0.04273775567598226,0.05300082263104503,0.029345230434859124,0.032813517798350844,0.025619629480213776,0.027027026874640227,0.02634573082409911,0.017348895351760568,0.013534392860987452,0.012732987400541022
0.026981078041565038,0.01397454845665618,0.011979139684734477,0.012421309225593048,0.007080878829984455,0.007134390779509815,0.017715005054689818,0.0297003516081674,0.0055827160820242265,0.004324374960457189,0.018197760878196363,0.023065770143564073,0.027777777688846025,0.06666666388204473,0.04463001420004973,0.049072121404508534,0.029345230434859124,0.032813517798350844,0.025619629480213776,0.027027027145769173,0.01835256680786974,0.01397454845665618,0.011955068423975748,0.01236548086381954
0.014733126538772255,0.010217932643662083,0.011228422428598821,0.012353836743021424,0.005284917017402289,0.0010955703392473192,0.014580761960420368,0.027127693582106222,0.00806972451152759,0.0019206057755145616,0.01842719841672535,0.019132479760991604,0.02777777730682223,0.06666666350320398,0.04273794035252518,0.049072121404508534,0.029345230434859124,0.03279771162495002,0.024041293461084298,0.027027026611185733,0.01835256680786974,0.010217932643662083,0.01121028636859406,0.012297534464303275
0.01010151032824414,0.0079990621105207,0.006944994493239178,0.005334199355664516,0.0034602448288675483,0.002470683984313576,0.014191739230473175,0.027572297986806223,0.007785813221593738,0.0019206057755145616,0.018197760878196363,0.019132479760991604,0.027777777593416916,0.06666666863745134,0.0427379403525252,0.05300082263104503,0.029345230434859124,0.025168312192559602,0.025619629480213776,0.027027026814215097,0.01835256680786974,0.0079990621105207,0.0069364266048267025,0.005314601449588063
0.022392503029627638,0.012300327168103047,0.011442750783736398,0.011990117484319147,0.0033158099263121328,0.00420893228219612,0.01796068771505891,0.028569126530544296,0.008985638461873764,0.00327675254217271,0.018197760878196363,0.023065770143564073,0.027777777950026047,0.066666670994067,0.04463001420004975,0.05300082263104503,0.029345230434859124,0.032813517798350844,0.024041293461084294,0.027027026645565617,0.01835256680786974,0.012300327168103047,0.011411201804656325,0.011933738374768629
0.01587495509781447,0.010001819801355288,0.00775426104225737,0.005664342754331487,0.005025282006153253,0.005577749091764658,0.015254766549642423,0.029309978792346897,0.00663244882740344,0.003692151432925346,0.018197760878196363,0.02207413981932502,0.02777777727200423,0.06666667182012137,0.04463001420004976,0.036063768324780046,0.029342766843777544,0.03279771162495002,0.025619629480213776,0.027027026628613556,0.01835256680786974,0.010001819801355288,0.00774150322077248,0.005637661735637158
0.02381561819123893,0.01273659181876034,0.009642719946330952,0.007578682169432557,0.007317488639982807,0.00631539146621183,0.01639919859014613,0.030307470344636323,0.009051491557571031,0.003822714245326376,0.018197760878196363,0.023065770143564073,0.027777777332708198,0.06666667001613592,0.04463001420004982,0.05300082263104503,0.029342766843777544,0.025168312192559602,0.025619629480213776,0.02702702689001422,0.01835256680786974,0.01273659181876034,0.009632236163045023,0.007548480374291318
0.004579846786024878,0.005829132721740396,0.004754117818141039,0.0036284672661052422,0.005510954579315098,0.004001697429822879,0.012901787456911888,0.021457487558346346,0.022327502585854215,0.003284227353980258,0.016979111271455034,0.0218069488579151,0.027777777341632524,0.06666665805804999,0.04463001420004973,0.036063768324780046,0.029342766843777544,0.03279771162495002,0.02141635066304595,0.0270270266006535,0.025183751395094735,0.005829132721740396,0.004747375522240391,0.0036028007019046344
0.02212430120835808,0.01269567782108582,0.0129486708280645,0.014194486898026678,0.005628914997106227,0.0046874729500471675,0.017787090826448672,0.026046010725851707,0.02199702137616274,0.004297287873544157,0.016979111271455034,0.026357098864933235,0.027777778294181578,0.06666666661652687,0.042737755675982224,0.05300082263104503,0.029342766843777544,0.03460226156500482,0.024068752256247574,0.027027027545880544,0.01835256680786974,0.01269567782108582,0.012919951313297212,0.014129027543840161
0.03216574590415143,0.015965360280965808,0.013745499157955192,0.014302584023353587,0.02845466514958957,0.025851745061029472,0.018458169460696693,0.014503758832685678,0.01161607943297693,0.009443447920315798,0.018202875640031674,0.01832594758927407,0.027777777378903218,0.06666667147205468,0.04463001420004976,0.036063768324780046,0.029342766843777544,0.03279771162495002,0.02124491121981271,0.02702702678907828,0.02723839522914118,0.015965360280965808,0.013730197764959477,0.014239887659238434
0.010223950995799359,0.008621678140322574,0.010773948877322527,0.01231712899603508,0.004923526035566043,0.0027457967933729346,0.01287963036461406,0.022378875453862652,0.03244847515412013,0.0031284826791247097,0.019088295194640812,0.025778879286198108,0.02777777763290838,0.0,0.04273775567598222,0.036063768324780046,0.029342766843777544,0.025168312192559602,0.017109625874114204,0.02702702684830004,0.018355751773828696,0.008621678140322574,0.010754909970640584,0.012260672400139259
0.0026487417213519535,0.00483150502731257,0.009405866779813893,0.012022591137749282,0.004514146694615618,0.0025729945513609485,0.018632468775311342,0.009864656112412834,0.027262593694441953,0.002753720561099351,0.01800891736238424,0.024169256293610147,0.027777777669432152,0.0,0.042737940352525185,0.036063768324780046,0.029345230434859124,0.025168312192559602,0.021999761105694196,0.027027026739672538,0.018355751773828696,0.00483150502731257,0.009389175773381506,0.011967277328038695
0.009460364742357312,0.008397106972065615,0.008632484126627288,0.007232834322148499,0.003073598202518111,0.0017017323519646994,0.013732643070607451,0.014512927245758511,0.032648468588582676,0.012277465567992099,0.017579610157688125,0.023603737794660032,0.02777777794617197,0.0,0.04273775567598223,0.036063768324780046,0.029345230434859124,0.025168312192559602,0.017109625874114204,0.027027027419740647,0.018355751773828696,0.008397106972065615,0.008620573120363118,0.007203660064369296
0.027073956791620248,0.014321201336060223,0.011857439554302022,0.012382624612386959,0.026453934574181825,0.025870414107660552,0.027945622609179103,0.017999804159048147,0.032021326488205916,0.004017802149487956,0.012060027865236616,0.024169256293610147,0.02777777743436246,0.0,0.04463001420004977,0.036063768324780046,0.029345230434859124,0.025168312192559602,0.017109625874114204,0.027027026699902777,0.018355751773828696,0.014321201336060223,0.011838795184877992,0.012330446926814407
0.007296714355189005,0.008290513571105985,0.011811445413218501,0.014026050584743046,0.01800268818336601,0.010768411190612143,0.023246852985176678,0.016654649446787774,0.029254053600755645,0.025645160130814467,0.012060027865236616,0.025043376731946298,0.02777777759961413,0.0,0.042737755675982265,0.036063768324780046,0.029345230434859124,0.025168312192559602,0.024041293461084298,0.027027026734249643,0.01836049922085846,0.008290513571105985,0.01180350099149549,0.013963154578290376
0.025064229043451087,0.01366127386689813,0.008260757557856655,0.005623440351106334,0.011035690870213057,0.01644264585160586,0.028248878294684955,0.01711552099214078,0.029672153595471762,0.011936710488443808,0.01986919439645832,0.02244394467417202,0.02777777781729648,0.0,0.04273794035252518,0.05300082263104503,0.029345230434859124,0.025168312192559602,0.021999761105694196,0.027027026986316684,0.018355751773828696,0.01366127386689813,0.008250901280354212,0.005600040759221345
0.01772634431098223,0.011565021831926972,0.007970590355099009,0.005824469346844849,0.021439914914815825,0.01710275105409582,0.02837244445427393,0.017324331304726076,0.0041758274050674345,0.01923368975949754,0.01809157190185369,0.020676571361789024,0.02777777815991452,0.0,0.042737940352525185,0.036063768324780046,0.029342766843777544,0.03460226156500482,0.024770907894015214,0.027027026945829414,0.022184631235967013,0.011565021831926972,0.007990501074460405,0.005814842890826812
0.026340514295909587,0.013933533768368167,0.009109196423810122,0.0066498587355061835,0.012009446869378246,0.01634653566077485,0.023183428126541766,0.01560454847597592,0.00879951632297126,0.018442407531625085,0.016966361613557485,0.0235335126691938,0.027777777614379728,0.0,0.04273794035252519,0.036063768324780046,0.03049602177090665,0.032813517798350844,0.017109625874114204,0.027027026788724314,0.01835256680786974,0.013933533768368167,0.00909223617367306,0.006625202714185038
0.02561253054340847,0.013680274575388986,0.008925094727931248,0.0066031487054762136,0.011469424511597952,0.014883049165830517,0.02663001774103518,0.0173404498450064,0.014082001308842273,0.015896445887234986,0.015438483329205444,0.02194374083340844,0.027777777647563926,0.0,0.0,0.0,0.029345230434859124,0.03279771162495002,0.023063558102083805,0.027027026649710115,0.022184631235967013,0.013680274575388986,0.008902407889736627,0.006577409826793799
0.01628464912235947,0.011542145573311357,0.007605560995268421,0.00541739514087242,0.015804377892450573,0.018844924863622367,0.0061408700661021234,0.012615119306261035,0.0053292329136860155,0.01755630934232094,0.020813434072854797,0.02183749161189467,0.0277777774578341,0.0,0.0,0.0,0.029345230434859124,0.03460226156500482,0.02124491121981271,0.02702702707378028,0.011345215916656107,0.011542145573311357,0.007603662112235617,0.005405967654585563
0.016874301138475843,0.011246867343556744,0.007385664353900602,0.005097758597731385,0.006213743847576347,0.011152977041439097,0.021915202196958063,0.02545963374288406,0.013265167229452982,0.0039240334648912535,0.018031129870144293,0.02068989742477562,0.027777777609997445,0.0,0.0,0.0,0.029345230434859124,0.03279771162495002,0.017109625874114204,0.027027027745507692,0.027424626610881065,0.011246867343556744,0.007377301676402606,0.005078682414310425
0.0048777864357781465,0.006356917485632836,0.007032965919492809,0.006729304866487396,0.008923447330067792,0.005455315072184974,0.01933983947051014,0.012808986383828849,0.006139514952978998,0.007058917483865985,0.014878506398353678,0.018028056041150473,0.02777777986693346,0.0,0.0,0.0,0.029342766843777544,0.0328926282762046,0.022122209675828796,0.027027027656625378,0.022184631235967013,0.006356917485632836,0.007062893423892712,0.006708918083030878
0.017591093611099853,0.01215050027815819,0.01318891383423902,0.014272977810768077,0.0225903422437653,0.01401465939760227,0.010578530476600302,0.01181685020859314,0.010561185224603992,0.0325420048426277,0.015438483329205444,0.026357098864933235,0.027777777555400764,0.0,0.0,0.0,0.029342766843777544,0.025168312192559602,0.014259944677134739,0.027027026671416654,0.02668085168598846,0.01215050027815819,0.013176161619737212,0.014209145370071416
0.009814851298126672,0.009506761050772578,0.006763917747226879,0.005249948975440865,0.009360914380981274,0.016132802395796158,0.01099510808607067,0.011570306945099496,0.011744282498657884,0.0035013532276507347,0.0189496072724129,0.025855841186952576,0.02777777777315097,0.0,0.0,0.0,0.029342766843777544,0.03279771162495002,0.02307411766759311,0.027027027216121387,0.026424977593950915,0.009506761050772578,0.006780100559533226,0.005240353713354367
0.0038946255571409997,0.0060759437962016076,0.009686255050938347,0.012077491574504209,0.005821056056971175,0.005773729451043259,0.005742397820636215,0.014670642346679379,0.004417681850669238,0.016173352281124674,0.01781759628690243,0.011121992621695474,0.027777777793375518,0.0,0.0,0.0,0.029342766843777544,0.03279771162495002,0.02124491121981271,0.027027026681296862,0.02723839522914118,0.0060759437962016076,0.009669399244142538,0.012022258111357719
0.014193626286320052,0.010705132216776546,0.01130534606542175,0.01244732956750159,0.012887984680999033,0.011021613635478275,0.005742397820636215,0.013305686735876886,0.013052116684145758,0.007720288345039786,0.019213922200701474,0.023541608162332812,0.027777777382294148,0.0,0.0,0.0,0.029342766843777544,0.025168312192559602,0.014259944677134739,0.027027027403571525,0.027424626610881065,0.010705132216776546,0.01128751079509903,0.012391774629165648
0.003703244208220954,0.008176194757616453,0.003927688461070792,0.0019958005874066292,0.014199890458614113,0.018715686516735677,0.01141955726671492,0.01364945565606939,0.0044316995539963495,0.014104200772866018,0.020813434072854797,0.019124596962748572,0.027777777763926093,0.0,0.0,0.0,0.029342766843777544,0.025168312192559602,0.014259944677134739,0.02702702840007815,0.026284944788508322,0.008176194757616453,0.003945804624052312,0.002136837750819494
0.005213978791851945,0.007110239572105994,0.010073244857526571,0.012162868234760583,0.01172093161897013,0.010855991267719892,0.005742397820636215,0.01181685020859314,0.017938721956638898,0.005813974774395332,0.018016351072652283,0.01282016112993693,0.02777777796103063,0.0,0.0,0.0,0.029342766843777544,0.025168312192559602,0.021999761105694196,0.027027028245731676,0.027238395229141184,0.007110239572105994,0.010060893047163389,0.012108037668160475
0.022386070736699824,0.013764961461515008,0.013653031403871547,0.014317918950926739,0.02054355398567372,0.012658631532247208,0.016245534524182734,0.009864656112412834,0.01813617263955577,0.0029879527785299765,0.017579610157688125,0.005401663692904546,0.027777777699951756,0.0,0.0,0.0,0.029342766843777544,0.0,0.024068752256247574,0.027027027424528897,0.022184631235967013,0.013764961461515008,0.01363415004870408,0.01425420277666966
0.0035953940351889395,0.006207874700222057,0.009398278567736755,0.011645089915841036,0.0057295148730210285,0.004471740131702724,0.01856020396516946,0.021184109399146858,0.004417681850669238,0.00470754816200418,0.018016351072652283,0.01282016112993693,0.027777777685095456,0.0,0.0,0.0,0.0,0.0,0.024068752256247574,0.0270270269549121,0.011345215916656107,0.006207874700222057,0.009381732044345057,0.01159249015046867
0.006396008985911405,0.007681608778385139,0.009951771186950011,0.011715905814372676,0.002812174159905748,0.005087036351214676,0.005742397820636215,0.013323431892779136,0.0043467479226060686,0.006689814007797851,0.016966361613557485,0.005401663692904546,0.02777777762370679,0.0,0.0,0.0,0.0,0.0,0.023063558102083805,0.027027026722430254,0.011345215916656107,0.007681608778385139,0.00991961395099296,0.011660595919579993
0.008729943955057341,0.008073894562976988,0.006060921459175237,0.004609475720667093,0.02364504001184163,0.014570727201354746,0.013279855012633717,0.007577351912875605,0.016545143007058054,0.0028660845474882644,0.012060027865236616,0.018001296618996417,0.0,0.0,0.0,0.0,0.0,0.0,0.017109625874114204,0.02702702728024309,0.011345215916656107,0.008073894562976988,0.006122530568365908,0.004614555257013738
0.006771440227675282,0.008322442585313785,0.012074359145882696,0.014112294234356828,0.0074167150153615895,0.007649608950686372,0.004554923363858044,0.021184109399146858,0.0019312395367251534,0.005299883108387029,0.015499734986713849,0.018001296618996417,0.0,0.0,0.0,0.0,0.0,0.0,0.017109625874114204,0.0,0.01835256680786974,0.008322442585313785,0.012047895369859885,0.014048330959567907
0.005732022848383988,0.006676906632443703,0.005640609952204953,0.00474474047558557,0.022667773593999768,0.0115368843417267,0.013235774387914028,0.023418299029070264,0.020654314200329156,0.006316953351151377,0.014878506398353678,0.01832594758927407,0.0,0.0,0.0,0.0,0.0,0.0,0.017109625874114204,0.0,0.011345215916656107,0.006676906632443703,0.005723494472622453,0.004751186670610546
0.018221786538174307,0.011930965746241166,0.011122320157510284,0.012253113427939735,0.0220176614851248,0.01881036349472021,0.010578530476600302,0.01726726202765479,0.004452644920226347,0.008771031292765012,0.01389703341040335,0.023180361409116678,0.0,0.0,0.0,0.0,0.0,0.0,0.014259944677134739,0.0,0.022184631235967013,0.011930965746241166,0.011112596431164386,0.01219947991440734
0.02366110954564932,0.013806823248134814,0.013173624445831948,0.01421446790630138,0.02884381497389117,0.01852741854228023,0.010578530476600302,0.020944962631213652,0.005720263529654543,0.0053138071278813976,0.015499734986713849,0.02158300146691865,0.0,0.0,0.0,0.0,0.0,0.0,0.014259944677134739,0.0,0.011345215916656107,0.013806823248134814,0.013168987481606453,0.014151469238229684
0.006672329984127358,0.007855396897075661,0.010271382854619919,0.011864527447013636,0.005296681877107337,0.004391317861846403,0.010578530476600302,0.014670642346679379,0.003738834581484839,0.0025651652424345107,0.016966361613557485,0.0196712235227034,0.0,0.0,0.0,0.0,0.0,0.0,0.023063558102083805,0.0,0.018355751773828696,0.007855396897075661,0.010251139631312604,0.011809658283553029
0.006033365044169955,0.007056409414866533,0.006843316502871168,0.005637274893385805,0.008250892240964971,0.005306440962049546,0.007368713760611353,0.01131072934150772,0.005724449094304761,0.004134900151723955,0.015499734986713849,0.019907250955253808,0.0,0.0,0.0,0.0,0.0,0.0,0.017109625874114204,0.0,0.027424626610881065,0.007056409414866533,0.0068585564857823805,0.005620769692677523
0.025814543109613806,0.01474473247163099,0.01403174735292094,0.014435577073615573,0.017927448414539245,0.01482941957274515,0.010578530476600302,0.01796505625619627,0.006156439158239745,0.005114544957875466,0.015499734986713849,0.018146067965624797,0.0,0.0,0.0,0.0,0.0,0.0,0.021999761105694196,0.0,0.01836049922085846,0.01474473247163099,0.014008772146407271,0.014371142822599678
0.006739637582516234,0.007529073069345597,0.010076059793792518,0.01177819535087285,0.011342256654234528,0.006017054756676244,0.010716495450240018,0.008805112865160614,0.00538883181333353,0.006308470117430911,0.015499734986713849,0.01282016112993693,0.0,0.0,0.0,0.0,0.0,0.0,0.014259944677134739,0.0,0.011345215916656107,0.007529073069345597,0.010060001064138287,0.01172567963288575
0.006387200765392632,0.008043534456949511,0.012042547374398103,0.0141091535654463,0.0045893758421236336,0.005973763700641469,0.012926669413883707,0.008805112865160614,0.004032167163782103,0.0015048912495354866,0.01389703341040335,0.02194374083340844,0.0,0.0,0.0,0.0,0.0,0.0,0.014259944677134739,0.0,0.011345215916656107,0.008043534456949511,0.012007758478406379,0.014044182565163476
0.015025885146383582,0.01081381994307207,0.008924746320534579,0.007187940357927988,0.013874694995433381,0.017913991372237877,0.011969812547360754,0.014670642346679379,0.00470949512923458,0.003554868352900496,0.01389703341040335,0.023091507177878765,0.0,0.0,0.0,0.0,0.0,0.0,0.014259944677134739,0.0,0.011345215916656107,0.01081381994307207,0.008919740302105813,0.007164326400877748
0.005750818589903713,0.006972177393559629,0.006778214977840853,0.005519165162623433,0.007749987607422438,0.004017809583638218,0.0061408700661021234,0.01534531279947492,0.005901633851801592,0.0019272959844098571,0.017533346397163092,0.005401663692904547,0.0,0.0,0.0,0.0,0.0,0.0,0.014259944677134739,0.0,0.024671986908735802,0.006972177393559629,0.006789487712961239,0.005502682631990485
0.0037624389603922222,0.0059683878097139854,0.006397350559129383,0.006356455349079506,0.008021010342119111,0.006144696872434107,0.0061408700661021234,0.013875068535074649,0.006623015945414805,0.000665194222444439,0.015438483329205444,0.005401663692904546,0.0,0.0,0.0,0.0,0.0,0.0,0.014259944677134739,0.0,0.022184631235967013,0.0059683878097139854,0.006406384925399526,0.006332462630517061
0.0026003390909586374,0.005341751806705413,0.004181794270428437,0.0031268214357650084,0.004069951722525404,0.004794508967001088,0.0061408700661021234,0.008805112865160614,0.004182966430618254,0.0030399880756757443,0.013897033410403348,0.005401663692904547,0.0,0.0,0.0,0.0,0.0,0.0,0.0,0.0,0.011345215916656107,0.005341751806705413,0.004177451752817696,0.0031173402917181237
0.003885998661932671,0.006010101177060881,0.009696657439845055,0.01176155356288757,0.007490178329451212,0.0016375127701406264,0.013723439358056096,0.014634998023002898,0.0019312395367251534,0.0042968373551316745,0.015438483329205444,0.01282016112993693,0.0,0.0,0.0,0.0,0.0,0.0,0.0,0.0,0.0,0.006010101177060881,0.009687847980856576,0.011708217144649598
0.005286984413719711,0.0070779204103706955,0.011824519235788549,0.01404433937357512,0.007628915767812168,0.00452607131002515,0.01141955726671492,0.008805112865160614,0.00341990965720451,0.001825704221412274,0.015438483329205444,0.005401663692904547,0.0,0.0,0.0,0.0,0.0,0.0,0.0,0.0,0.0,0.0070779204103706955,0.011794752785790593,0.013979046149961915
0.0064933881785772295,0.00759469289004856,0.012033478508820236,0.014069105281841436,0.0025524415271632006,0.006535244683655207,0.025103065147993237,0.01534531279947492,0.003738834581484839,0.0038082921489706527,0.019317381344145616,0.01282016112993693,0.0,0.0,0.0,0.0,0.0,0.0,0.0,0.0,0.0,0.00759469289004856,0.011998952565384474,0.014003464018481201
0.0035844479447837605,0.0060973394242053456,0.011522856238035374,0.013987223987313863,0.006185193948657369,0.00010596916502994385,0.010820900508065856,0.007577351912875605,0.004415034172381774,0.007040784258179341,0.012060027865236616,0.01282016112993693,0.0,0.0,0.0,0.0,0.0,0.0,0.0,0.0,0.0,0.0060973394242053456,0.01150159338033167,0.013922934826729861
0.0038673496764867156,0.005996031296154262,0.006195647595377218,0.0062294344240333786,0.0021298970116178915,0.002878667305664437,0.010957600980588351,0.007577351912875605,0.01760331397467066,0.007930517618083114,0.017579610157688125,0.0,0.0,0.0,0.0,0.0,0.0,0.0,0.0,0.0,0.0,0.005996031296154262,0.0061879309465440275,0.006203113655284247
0.0023376232957663234,0.007215234540332405,0.003658443487434154,0.0017847490466213988,0.007236145183560709,0.012205361206851074,0.011786557358897925,0.007577351912875605,0.008938449183625189,0.006002166589973547,0.012060027865236616,0.0,0.0,0.0,0.0,0.0,0.0,0.0,0.0,0.0,0.0,0.007215234540332405,0.0036905087013923343,0.0018686960781111493
0.004143117065950091,0.008833360990327874,0.004244197527687343,0.0022264865300264092,0.014169148202880863,0.017062815914157207,0.014189832748479729,0.0029141834235921972,0.008595338848606722,0.005608111660050708,0.012060027865236616,0.0,0.0,0.0,0.0,0.0,0.0,0.0,0.0,0.0,0.0,0.008833360990327874,0.004254079700635657,0.002242655113468164
0.002414955185088875,0.007429837273942072,0.003660156353944159,0.001785576116326838,0.010665067090689038,0.013708226150411658,0.019458886726652587,0.012106449285645075,0.011991428945335942,0.005608111660050708,0.017021421317607536,0.0,0.0,0.0,0.0,0.0,0.0,0.0,0.0,0.0,0.0,0.007429837273942072,0.003697826327922232,0.0019025419197146896
0.0005235722297334568,0.0041309644207421945,0.001863313055260386,0.0006973432540968021,0.004299710778744777,0.008130712741485921,0.011046994709014426,0.0029141834235921972,0.0019312395367251534,0.002540962597156848,0.012060027865236616,0.0,0.0,0.0,0.0,0.0,0.0,0.0,0.0,0.0,0.0,0.0041309644207421945,0.0018516870119004132,0.0007209667805921239
0.001535333730954644,0.006393498163262496,0.003279287029042585,0.001599817826036355,0.00312365959595887,0.01116283827770939,0.011510303791729981,0.002610428228627885,0.008431719448972318,0.002919670885013832,0.018031129870144293,0.0,0.0,0.0,0.0,0.0,0.0,0.0,0.0,0.0,0.0,0.006393498163262496,0.0032765267268979503,0.0016408919973692113
0.0038999692260970782,0.006252040443024413,0.005217357165546054,0.004058333215291766,0.0030316070805785503,0.0030946643532958804,0.012889686317867865,0.0066683577260422365,0.008431719448972318,0.0009955396109202854,0.0,0.0,0.0,0.0,0.0,0.0,0.0,0.0,0.0,0.0,0.0,0.006252040443024413,0.005227938609224198,0.0040408789075537035
0.011126165928612954,0.009581517819677417,0.010462442505584386,0.01188153068045894,0.004401988484587567,0.006413425163827041,0.01179433932786628,0.005839304943098429,0.003738834581484839,0.0025125328119990614,0.0,0.0,0.0,0.0,0.0,0.0,0.0,0.0,0.0,0.0,0.0,0.009581517819677417,0.010431114766115406,0.011827126924610644
0.0027334807477322524,0.00521698899976735,0.009135276469378575,0.011590147263097697,0.003764546489148888,0.001784535384281008,0.01179433932786628,0.0029141834235921972,0.005395298475390054,0.002053854188282484,0.0,0.0,0.0,0.0,0.0,0.0,0.0,0.0,0.0,0.0,0.0,0.00521698899976735,0.009114754076587264,0.011535859032222503
0.008735399749093086,0.008397199878393083,0.010673296604693875,0.012298094071708596,0.00425317273280233,0.002819435146207805,0.008932773288648435,0.007578075435602239,0.005398146080905286,0.0028635428564464387,0.0,0.0,0.0,0.0,0.0,0.0,0.0,0.0,0.0,0.0,0.0,0.008397199878393083,0.01065416446091167,0.012241453178415613
0.0018484588746224822,0.004751239355783542,0.004166656870988927,0.003499778441820628,0.0063446992121620254,0.00660135582044254,0.013681293049886457,0.0029141834235921972,0.02111044450254747,0.000940351853787549,0.0,0.0,0.0,0.0,0.0,0.0,0.0,0.0,0.0,0.0,0.0,0.004751239355783542,0.004222322345921618,0.0035208816040055804
0.0014494167508291096,0.005190497621366829,0.003283970519123044,0.0017348201900465009,0.007401840903531738,0.0023026964807355502,0.022879262595550627,0.0029141834235921972,0.015543479514697528,0.0007103084400817226,0.0,0.0,0.0,0.0,0.0,0.0,0.0,0.0,0.0,0.0,0.0,0.005190497621366829,0.003327738956555882,0.0018442056719992087
0.001492111667321869,0.0041485582939564765,0.008939780477595553,0.011572002756592852,0.0021929319498804408,0.0005539373897406654,0.018804784518501455,0.0070302146235645905,0.004746091306658573,0.0018360732617535732,0.0,0.0,0.0,0.0,0.0,0.0,0.0,0.0,0.0,0.0,0.0,0.0041485582939564765,0.008908342493590822,0.011517269947509215
0.0033846343917071204,0.005995174137206249,0.011523183312763616,0.013987264520843739,0.001903464950389489,0.001412129558335525,0.007368713760611353,0.0026666651289129896,0.024584144803976513,0.001913690329575123,0.0,0.0,0.0,0.0,0.0,0.0,0.0,0.0,0.0,0.0,0.0,0.005995174137206249,0.01149040891441964,0.013921757668135684
0.003512600258079797,0.005809001578260233,0.009726132953180106,0.011763092196061226,0.0015776805666503002,0.00010596916502994385,0.007722300969529901,0.0,0.01599579857736882,0.001752780538868105,0.0,0.0,0.0,0.0,0.0,0.0,0.0,0.0,0.0,0.0,0.0,0.005809001578260233,0.00969373712794453,0.011707606233625904
0.0014434058703474946,0.004091672674918564,0.008962489540715152,0.01157285962729086,0.00013510109134675326,0.004780547393353826,0.009467504976343,0.0,0.01610340475440791,0.010377520765929345,0.0,0.0,0.0,0.0,0.0,0.0,0.0,0.0,0.0,0.0,0.0,0.004091672674918564,0.008933660683952595,0.011517564875802482
0.00802218058442478,0.008507209708822587,0.01248247373400821,0.014178530467883579,0.003112617939677804,0.017715159566916765,0.010095212436878035,0.0,0.01732525628775762,0.0008521710567922442,0.0,0.0,0.0,0.0,0.0,0.0,0.0,0.0,0.0,0.0,0.0,0.008507209708822587,0.012445248378465737,0.014112211738870926
0.0020793138462664373,0.004151257239016653,0.002647133900012847,0.0015117216536352012,0.007805140535850778,0.0008553397478144791,0.0,0.0,0.017786761068586926,0.002466182443329046,0.0,0.0,0.0,0.0,0.0,0.0,0.0,0.0,0.0,0.0,0.0,0.004151257239016653,0.0027400605607093903,0.0018213809719629416
0.004964675690046359,0.007881492949913319,0.00425043251221197,0.0023676943082711417,0.013559676195424478,0.0019158252085963335,0.0,0.0,0.01618830751443347,0.0011072259320585624,0.0,0.0,0.0,0.0,0.0,0.0,0.0,0.0,0.0,0.0,0.0,0.007881492949913319,0.004290679895991376,0.0024475197364548368
0.0015655758134491304,0.004257323395060397,0.008946264515729264,0.011572025305636165,0.001307395479842777,0.003489983466012147,0.0,0.0,0.017579313343923098,0.005355537047334442,0.0,0.0,0.0,0.0,0.0,0.0,0.0,0.0,0.0,0.0,0.0,0.004257323395060397,0.008926031640300472,0.011518262588871661
0.0009851978202294906,0.003405129309480595,0.003761883503606844,0.003350195918440228,0.00340388065904751,0.005454764152262561,0.0,0.0,0.014718056013389255,0.005079146425785667,0.0,0.0,0.0,0.0,0.0,0.0,0.0,0.0,0.0,0.0,0.0,0.003405129309480595,0.003770112124553854,0.003352187699216406
0.006013501700453597,0.007828267483723443,0.011698693297404403,0.01399856247809584,0.008214165758044014,0.004333026593162942,0.0,0.0,0.015761121869678676,0.004674866074080755,0.0,0.0,0.0,0.0,0.0,0.0,0.0,0.0,0.0,0.0,0.0,0.007828267483723443,0.011686949948458078,0.013934698074267381
0.0004923745806855503,0.0025445094077627896,0.00355130125321384,0.0033059687351518646,0.005200598892478198,0.015095889581229992,0.0,0.0,0.019683393895828242,0.004271628765309573,0.0,0.0,0.0,0.0,0.0,0.0,0.0,0.0,0.0,0.0,0.0,0.0025445094077627896,0.0035434700274856374,0.003293498827174804
0.0005375939477217189,0.0032409198156708586,0.0027870490051653766,0.002570183500867761,0.00275820683483259,0.00810540572250514,0.0,0.0,0.004415034172381775,0.001825704221412274,0.0,0.0,0.0,0.0,0.0,0.0,0.0,0.0,0.0,0.0,0.0,0.0032409198156708586,0.0027928368786546676,0.0025757359239877743
0.0006058890051488689,0.0027611389823510436,0.002151194760993131,0.0016930097415484898,0.0015796716663179498,0.014008149540369505,0.0,0.0,0.004827580309517545,0.016737941966870742,0.0,0.0,0.0,0.0,0.0,0.0,0.0,0.0,0.0,0.0,0.0,0.0027611389823510436,0.00217149477616553,0.0017819630063490547
0.000524957758776541,0.002580524105503867,0.002941994785470335,0.002663266854798353,0.015967846137943387,0.0026892874032169688,0.0,0.0,0.004347412386196068,0.0016360129804171629,0.0,0.0,0.0,0.0,0.0,0.0,0.0,0.0,0.0,0.0,0.0,0.002580524105503867,0.002974418319807066,0.002669270675110154
0.012121531859844149,0.009876490949881307,0.010929697102476512,0.012274803653577816,0.010597873108726027,0.006693806627773819,0.0,0.0,0.013766395459234793,0.0017653376141566993,0.0,0.0,0.0,0.0,0.0,0.0,0.0,0.0,0.0,0.0,0.0,0.009876490949881307,0.010912549261015675,0.012219969616004502
0.0055171486790456655,0.006806734246478835,0.00607888038543558,0.005164518835992169,0.016747525125873648,0.009283898055367211,0.0,0.0,0.013609149521309434,0.027728996070400042,0.0,0.0,0.0,0.0,0.0,0.0,0.0,0.0,0.0,0.0,0.0,0.006806734246478835,0.006087232755458385,0.0051472935533697995
0.007399465181627445,0.007940269596047824,0.01008912580019318,0.012142678221495968,0.0025749509840066204,0.0035649415454175075,0.0,0.0,0.018160045935856038,0.03666383280587778,0.0,0.0,0.0,0.0,0.0,0.0,0.0,0.0,0.0,0.0,0.0,0.007940269596047824,0.010082860067342811,0.012088779104911403
0.002496723597302236,0.005226646045521178,0.009518074148306882,0.01202958035793118,0.01463936944183073,0.003513915193937242,0.0,0.0,0.00490305286220786,0.001904544406772551,0.0,0.0,0.0,0.0,0.0,0.0,0.0,0.0,0.0,0.0,0.0,0.005226646045521178,0.009496532853962016,0.011974056719321394
0.006697965630025424,0.00757885777710671,0.010189208305859112,0.012162675487871102,0.006601260895424394,0.0014854256916344549,0.0,0.0,0.004902642215608805,0.01125282617177355,0.0,0.0,0.0,0.0,0.0,0.0,0.0,0.0,0.0,0.0,0.0,0.00757885777710671,0.010187364847414275,0.012109032705290595
0.005137990979843208,0.006759394865292928,0.010067829847631663,0.012163048606705858,0.00045814080534085125,0.003265110402216321,0.0,0.0,0.0041758274050674345,0.030181926834005803,0.0,0.0,0.0,0.0,0.0,0.0,0.0,0.0,0.0,0.0,0.0,0.006759394865292928,0.01003885161415149,0.012106655085212076
0.0013687882127979886,0.003924768496950165,0.008945536319670905,0.011572367964684967,0.003998703522038166,0.013992894939175948,0.0,0.0,0.0046727176990464065,0.02993766154079884,0.0,0.0,0.0,0.0,0.0,0.0,0.0,0.0,0.0,0.0,0.0,0.003924768496950165,0.008911029709257603,0.011516849421159166
0.0016973836896472046,0.004325603173648323,0.008940283016169986,0.011571993961671662,0.00039819709568990173,0.013992134392369245,0.0,0.0,0.0,0.03575229180837918,0.0,0.0,0.0,0.0,0.0,0.0,0.0,0.0,0.0,0.0,0.0,0.004325603173648323,0.008914219835010069,0.011517603404026803
0.0014154997746582561,0.00418537307413457,0.008948130644693525,0.011572373000613086,0.0007244920365495701,0.005771247171271523,0.0,0.0,0.0,0.03650185733549799,0.0,0.0,0.0,0.0,0.0,0.0,0.0,0.0,0.0,0.0,0.0,0.00418537307413457,0.008919775691681163,0.011517500290479574
0.0027115072211101395,0.005167467181298226,0.009472402319507845,0.011704215974782821,0.004820757715794566,0.020014233945712105,0.0,0.0,0.0,0.028168801649066162,0.0,0.0,0.0,0.0,0.0,0.0,0.0,0.0,0.0,0.0,0.0,0.005167467181298226,0.009441728735687436,0.011649138471258737
0.008564705160918354,0.008789694889228311,0.010416632234302056,0.011774221357718655,0.002342032348168753,0.009342913900942947,0.0,0.0,0.0,0.03979453779416965,0.0,0.0,0.0,0.0,0.0,0.0,0.0,0.0,0.0,0.0,0.0,0.008789694889228311,0.01039570190705202,0.011719398804072438
0.0032264080442472006,0.0062150181982465495,0.009153090466640748,0.011580901895623956,0.0017958431752451332,0.013381962770776645,0.0,0.0,0.0,0.029628870653842638,0.0,0.0,0.0,0.0,0.0,0.0,0.0,0.0,0.0,0.0,0.0,0.0062150181982465495,0.00912606632706107,0.011526528015132294
0.0014166551370275767,0.003961638239952948,0.008935946694188745,0.011571982112652675,0.00019234597022239522,0.016821933230857778,0.0,0.0,0.0,0.0268383395491348,0.0,0.0,0.0,0.0,0.0,0.0,0.0,0.0,0.0,0.0,0.0,0.003961638239952948,0.008910522994663059,0.011517581331652052
0.0013716862749577655,0.003887059736605719,0.008935122371107109,0.011571980616740954,0.0076909921186865135,0.011637551303214302,0.0,0.0,0.0,0.030909794979897143,0.0,0.0,0.0,0.0,0.0,0.0,0.0,0.0,0.0,0.0,0.0,0.003887059736605719,0.008906936987419593,0.01151742840216413
0.00699713607258044,0.008481901236272403,0.005646557470761857,0.003950336377930782,0.0047452602686474206,0.016086619547643788,0.0,0.0,0.0,0.043081208609807034,0.0,0.0,0.0,0.0,0.0,0.0,0.0,0.0,0.0,0.0,0.0,0.008481901236272403,0.005642374056865052,0.003938428587332088
0.0016671735001380788,0.00580341432702234,0.0024956674676935007,0.0010697563596023094,0.008543878870111784,0.012054828193291341,0.0,0.0,0.0,0.0013748766209608363,0.0,0.0,0.0,0.0,0.0,0.0,0.0,0.0,0.0,0.0,0.0,0.00580341432702234,0.002504892183599526,0.0011942642772898753
0.007700996678278683,0.007992320666697209,0.010533132282671704,0.012219074868972593,0.019300512145069428,0.01731260929960334,0.0,0.0,0.0,0.0030288142880888257,0.0,0.0,0.0,0.0,0.0,0.0,0.0,0.0,0.0,0.0,0.0,0.007992320666697209,0.010517098159893396,0.012163678914022657
0.014573431820977477,0.010971705575217925,0.008127594217902101,0.006260733543355996,0.012107957749837618,0.009503753686675576,0.0,0.0,0.0,0.004196646833079462,0.0,0.0,0.0,0.0,0.0,0.0,0.0,0.0,0.0,0.0,0.0,0.010971705575217925,0.008129348322547558,0.006245063717159973
0.0013686553341266902,0.004268560807391126,0.0029967624970056563,0.0016920630759450805,0.005843436504387654,0.011091506825360972,0.0,0.0,0.0,0.0013748766209608363,0.0,0.0,0.0,0.0,0.0,0.0,0.0,0.0,0.0,0.0,0.0,0.004268560807391126,0.0030775250513482024,0.001875417417791369
0.005626881688196732,0.008239949131472038,0.010034941668025729,0.012135952547376932,0.006759002407407418,0.013192081814901226,0.0,0.0,0.0,0.008352686207046954,0.0,0.0,0.0,0.0,0.0,0.0,0.0,0.0,0.0,0.0,0.0,0.008239949131472038,0.01001124817024314,0.01208010407871484
0.0036569129188460127,0.007070340499872933,0.003825265461226998,0.0020716811301925483,0.004135096808981247,0.019936497184418176,0.0,0.0,0.0,0.0009645316389657962,0.0,0.0,0.0,0.0,0.0,0.0,0.0,0.0,0.0,0.0,0.0,0.007070340499872933,0.0037933327015375823,0.002133929058958063
0.0012756979421783853,0.005879777427437913,0.0023787145848465072,0.0010201304028407828,0.004692123862512584,0.0022277486659447714,0.0,0.0,0.0,0.0015312421189021869,0.0,0.0,0.0,0.0,0.0,0.0,0.0,0.0,0.0,0.0,0.0,0.005879777427437913,0.0024090234323798417,0.0011759973107418145
0.0018044260540604118,0.006624663082992193,0.002679205170218865,0.001156328496813973,0.00520773650266224,0.005005153125380749,0.0,0.0,0.0,0.00563076579086804,0.0,0.0,0.0,0.0,0.0,0.0,0.0,0.0,0.0,0.0,0.0,0.006624663082992193,0.002676258937929364,0.0012802104870177876
0.001140319862222834,0.005233653066458948,0.002735220656112305,0.0015195184842256109,0.004372340948263178,0.003252949000299475,0.0,0.0,0.0,0.0011512760178470317,0.0,0.0,0.0,0.0,0.0,0.0,0.0,0.0,0.0,0.0,0.0,0.005233653066458948,0.002732048389117546,0.0015884142182013207
0.0017093116140308585,0.007113221151011918,0.0028456757543111966,0.0015830843436777078,0.002602492926381193,0.0009547232287473655,0.0,0.0,0.0,0.001069257226702566,0.0,0.0,0.0,0.0,0.0,0.0,0.0,0.0,0.0,0.0,0.0,0.007113221151011918,0.002810132782113903,0.001580845200350098
0.000770652763688749,0.004917076515031968,0.002149392242885871,0.0011523526890107258,0.0028775767496457077,0.00039897465513381625,0.0,0.0,0.0,0.028721070246755562,0.0,0.0,0.0,0.0,0.0,0.0,0.0,0.0,0.0,0.0,0.0,0.004917076515031968,0.002124251082978654,0.0011532201295552647
0.0004250070894704004,0.0037329481007829035,0.00143740183765371,0.0005373040162935448,0.007353431364996444,0.0016592100509837241,0.0,0.0,0.0,0.025700519777759372,0.0,0.0,0.0,0.0,0.0,0.0,0.0,0.0,0.0,0.0,0.0,0.0037329481007829035,0.0014017504769019743,0.0005716061696908964
0.00469837705611559,0.007899454959402783,0.009827832967767335,0.012101160485943249,0.004125272206377898,0.0004150199719562895,0.0,0.0,0.0,0.003051265783489275,0.0,0.0,0.0,0.0,0.0,0.0,0.0,0.0,0.0,0.0,0.0,0.007899454959402783,0.009806425280849075,0.01204548265009357
0.0056781099917733256,0.009447978911921557,0.004521135849123066,0.0024434148338300862,0.000691991144294098,0.011500115746717611,0.0,0.0,0.0,0.0018607716517675258,0.0,0.0,0.0,0.0,0.0,0.0,0.0,0.0,0.0,0.0,0.0,0.009447978911921557,0.004482100571278143,0.0024568012709325023
0.0028158622434093362,0.005666505749447877,0.005217685604645254,0.003969533835884818,0.000669500838198582,0.0024818031555831907,0.0,0.0,0.0,0.0019487087614196844,0.0,0.0,0.0,0.0,0.0,0.0,0.0,0.0,0.0,0.0,0.0,0.005666505749447877,0.0052085926273351315,0.003955742540590315
0.0032851377633317347,0.005923636066737553,0.005258149112951512,0.003972559217957993,0.0044400577522736686,0.0068757820806369845,0.0,0.0,0.0,0.002769225724823407,0.0,0.0,0.0,0.0,0.0,0.0,0.0,0.0,0.0,0.0,0.0,0.005923636066737553,0.00523621490341273,0.00395733395390033
0.009239638784725446,0.009168242052546481,0.010902628082883602,0.01227033970117157,0.0008116809531490269,0.00970417210229421,0.0,0.0,0.0,0.0011778137543473782,0.0,0.0,0.0,0.0,0.0,0.0,0.0,0.0,0.0,0.0,0.0,0.009168242052546481,0.010883523029864797,0.012214441373302173
0.001216989881926097,0.0036897138871083536,0.004307516916500074,0.003706148152092031,0.0019761750498092,0.009815429831630015,0.0,0.0,0.0,0.00297739490435895,0.0,0.0,0.0,0.0,0.0,0.0,0.0,0.0,0.0,0.0,0.0,0.0036897138871083536,0.0043069328931025766,0.00369327908117062
0.001560906060239928,0.00474690173397136,0.004455348554280974,0.0037160225534799904,0.0033858557544069945,0.0014131045435524397,0.0,0.0,0.0,0.0028495228406742513,0.0,0.0,0.0,0.0,0.0,0.0,0.0,0.0,0.0,0.0,0.0,0.00474690173397136,0.004477390494426893,0.0037100398087384114
0.00019410136636306927,0.001977581178056416,0.0014030069515867086,0.0007748911456809302,0.0008418580728107837,0.005632816227883079,0.0,0.0,0.0,0.0011778137543473782,0.0,0.0,0.0,0.0,0.0,0.0,0.0,0.0,0.0,0.0,0.0,0.001977581178056416,0.0015318173953468121,0.0010493367164311814
0.0031055395932037813,0.005211648050850184,0.009489617376851979,0.01202640289104685,0.001682569248244405,0.0032402205410183705,0.0,0.0,0.0,0.0,0.0,0.0,0.0,0.0,0.0,0.0,0.0,0.0,0.0,0.0,0.0,0.005211648050850184,0.009460958707279957,0.011970238934596793
0.000139198313901936,0.001176065608155565,0.0006805796565076864,0.0003317229642431184,0.00023996168384269904,0.0019490629508617148,0.0,0.0,0.0,0.0,0.0,0.0,0.0,0.0,0.0,0.0,0.0,0.0,0.0,0.0,0.0,0.001176065608155565,0.000755663180174294,0.0004757645364498099
7.6095025103631e-05,0.002624800854239589,0.001747352999746993,0.0007917182499483606,0.00015082956108457737,0.0035164539656563757,0.0,0.0,0.0,0.0,0.0,0.0,0.0,0.0,0.0,0.0,0.0,0.0,0.0,0.0,0.0,0.002624800854239589,0.0017595656771614893,0.0008264895195751951
4.77621898464845e-05,0.0021205844228961886,0.0015197795323083987,0.000710728899645472,0.00039168893609583735,0.001602179407917176,0.0,0.0,0.0,0.0,0.0,0.0,0.0,0.0,0.0,0.0,0.0,0.0,0.0,0.0,0.0,0.0021205844228961886,0.001527344669404062,0.0007395536321834586
0.0003455589120437721,0.0029728188852529455,0.0023461414739934967,0.0016239288554213234,0.005431819399171505,0.005693231677562663,0.0,0.0,0.0,0.0,0.0,0.0,0.0,0.0,0.0,0.0,0.0,0.0,0.0,0.0,0.0,0.0029728188852529455,0.002339355696510385,0.0016138030907592305
0.0013107059951463036,0.0056271669909785825,0.0032779898584850598,0.0017278213877974472,0.0006889313293960711,6.108445039997234e-05,0.0,0.0,0.0,0.0,0.0,0.0,0.0,0.0,0.0,0.0,0.0,0.0,0.0,0.0,0.0,0.0056271669909785825,0.0032988785484183735,0.0017935450783198323
0.0010255626480029675,0.0036762750220916953,0.003683646312063439,0.0030157718397836805,0.006946529641063954,0.0009504965284164008,0.0,0.0,0.0,0.0,0.0,0.0,0.0,0.0,0.0,0.0,0.0,0.0,0.0,0.0,0.0,0.0036762750220916953,0.0036665483929702054,0.002999619810248281
0.0009877476844466055,0.004692006680235865,0.0031021307119976265,0.0017100835302206851,0.0012943179457874587,6.108445039997234e-05,0.0,0.0,0.0,0.0,0.0,0.0,0.0,0.0,0.0,0.0,0.0,0.0,0.0,0.0,0.0,0.004692006680235865,0.0031663372904675163,0.0018407765327207134
0.00037728127558373344,0.003966241811949268,0.0015550803935179347,0.0005608877168804245,0.0018477289872161258,0.008819682306334627,0.0,0.0,0.0,0.0,0.0,0.0,0.0,0.0,0.0,0.0,0.0,0.0,0.0,0.0,0.0,0.003966241811949268,0.0015045109881997028,0.0005688919597089038
0.0004168411751919911,0.0041596643276182515,0.0016477174346548695,0.000613515756696563,0.003037992888816971,0.00017243596196745583,0.0,0.0,0.0,0.0,0.0,0.0,0.0,0.0,0.0,0.0,0.0,0.0,0.0,0.0,0.0,0.0041596643276182515,0.0015918428040833815,0.0006169375076381066
0.0020092636471463468,0.004554041314456751,0.003906103794843808,0.002768177939628595,0.006305227030601535,0.0,0.0,0.0,0.0,0.0,0.0,0.0,0.0,0.0,0.0,0.0,0.0,0.0,0.0,0.0,0.0,0.004554041314456751,0.003929601763041699,0.0027736195212511527
0.0023901676243811513,0.005668580459066049,0.004135359402444108,0.0030862767430814017,0.0008938818149541489,0.0,0.0,0.0,0.0,0.0,0.0,0.0,0.0,0.0,0.0,0.0,0.0,0.0,0.0,0.0,0.0,0.005668580459066049,0.004147841959737971,0.00310623736726034
0.0016194322578287606,0.004574895314102793,0.003949495925996397,0.00307155767807944,0.002015474327615753,0.0,0.0,0.0,0.0,0.0,0.0,0.0,0.0,0.0,0.0,0.0,0.0,0.0,0.0,0.0,0.0,0.004574895314102793,0.003930809385990234,0.003048784472973067
0.0006161320251781604,0.0028741104646866104,0.0030801566832781365,0.0027634264158016017,0.0027320936065566535,0.0,0.0,0.0,0.0,0.0,0.0,0.0,0.0,0.0,0.0,0.0,0.0,0.0,0.0,0.0,0.0,0.0028741104646866104,0.003085764637592596,0.0027625584668946957
0.003774329706168611,0.005221650490812223,0.005409153842668377,0.004527134300151545,0.001669840726654049,0.0,0.0,0.0,0.0,0.0,0.0,0.0,0.0,0.0,0.0,0.0,0.0,0.0,0.0,0.0,0.0,0.005221650490812223,0.005412806646312232,0.004510324593553898
0.002838059905467942,0.00533780599569176,0.009712681453654818,0.012081210888469432,0.009146841677545469,0.0,0.0,0.0,0.0,0.0,0.0,0.0,0.0,0.0,0.0,0.0,0.0,0.0,0.0,0.0,0.0,0.00533780599569176,0.009683853986120082,0.01202511165080298
0.000436614452748514,0.002790139085589165,0.0012791024742096222,0.0005687207108228317,0.0012413752076916966,0.0,0.0,0.0,0.0,0.0,0.0,0.0,0.0,0.0,0.0,0.0,0.0,0.0,0.0,0.0,0.0,0.002790139085589165,0.0013601095749284386,0.0008959287768745194
0.000149658734193319,0.002930088100599539,0.0018009800238767163,0.0008048454294628324,0.0017124300092506623,0.0,0.0,0.0,0.0,0.0,0.0,0.0,0.0,0.0,0.0,0.0,0.0,0.0,0.0,0.0,0.0,0.002930088100599539,0.0018501427241251305,0.0009809526364510032
0.0006383490914534327,0.003895639460164059,0.0028417217785346033,0.0019166168998772518,0.00035348986407904325,0.0,0.0,0.0,0.0,0.0,0.0,0.0,0.0,0.0,0.0,0.0,0.0,0.0,0.0,0.0,0.0,0.003895639460164059,0.0028788006550549564,0.0019402114105294254
7.317739471408112e-05,0.0026586812500019328,0.0017487730130193253,0.0007910847690432484,0.0004042644038191171,0.0,0.0,0.0,0.0,0.0,0.0,0.0,0.0,0.0,0.0,0.0,0.0,0.0,0.0,0.0,0.0,0.0026586812500019328,0.001757738745941399,0.0008214284965610527
8.846746620618248e-05,0.00280450168975871,0.0017682675565976525,0.0007951272329637046,0.00040564379496615846,0.0,0.0,0.0,0.0,0.0,0.0,0.0,0.0,0.0,0.0,0.0,0.0,0.0,0.0,0.0,0.0,0.00280450168975871,0.001775190458643464,0.0008295255283403322
0.0013291298578179216,0.0036857722826112507,0.004460700830855242,0.0037397067472280596,0.010104136510713024,0.0,0.0,0.0,0.0,0.0,0.0,0.0,0.0,0.0,0.0,0.0,0.0,0.0,0.0,0.0,0.0,0.0036857722826112507,0.004456876131198575,0.003726589234452931
0.001459085148787009,0.005067566120140137,0.003211559589678633,0.0018247002279932003,0.003270840388344473,0.0,0.0,0.0,0.0,0.0,0.0,0.0,0.0,0.0,0.0,0.0,0.0,0.0,0.0,0.0,0.0,0.005067566120140137,0.003261006593350006,0.0018891078358741222
0.00025682333703992206,0.0018599328102958572,0.0013325788819260561,0.0006929704042321691,0.003678729564145936,0.0,0.0,0.0,0.0,0.0,0.0,0.0,0.0,0.0,0.0,0.0,0.0,0.0,0.0,0.0,0.0,0.0018599328102958572,0.0014083199348097677,0.0008328609396027571
0.00021378740465105347,0.0015320764730281328,0.00098107456928331,0.0004898113862055876,0.00013674444520674474,0.0,0.0,0.0,0.0,0.0,0.0,0.0,0.0,0.0,0.0,0.0,0.0,0.0,0.0,0.0,0.0,0.0015320764730281328,0.0012712644978116578,0.0011146674839881343
2.9418474649425333e-05,0.0016163883012091625,0.0013049765313601488,0.0006517277653810104,0.0002871454990916462,0.0,0.0,0.0,0.0,0.0,0.0,0.0,0.0,0.0,0.0,0.0,0.0,0.0,0.0,0.0,0.0,0.0016163883012091625,0.001312401464802339,0.0006796795452045351
3.357033821508814e-05,0.001314437693704243,0.0008733015904949771,0.0004277225645806837,0.00016047375622228836,0.0,0.0,0.0,0.0,0.0,0.0,0.0,0.0,0.0,0.0,0.0,0.0,0.0,0.0,0.0,0.0,0.001314437693704243,0.0008462467938019244,0.0004305889644080528
4.0782224079681334e-05,0.0019370033477115148,0.0014535787081879903,0.0007001471619501774,0.0,0.0,0.0,0.0,0.0,0.0,0.0,0.0,0.0,0.0,0.0,0.0,0.0,0.0,0.0,0.0,0.0,0.0019370033477115148,0.0014612466068160367,0.0007285363136801371
